KO,name,lfc,se,W,p,q,diff,method,pathway_3,pathway_1,pathway_2,pathway_3_clean
KO_1,(Intercept),-0.0977844567374528,1.0269042286204166,-0.09522256702440525,0.9241380455365769,0.9998743149771957,FALSE,ANCOM-BC,Brite Hierarchies_Genetic Information Processing_Membrane Trafficking,Brite Hierarchies,Genetic Information Processing,Membrane Trafficking
KO_1,CSTIII,0.039247508737751624,1.0505143066461256,0.03736028009276077,0.9701977424394115,0.9975872481876159,FALSE,ANCOM-BC,Brite Hierarchies_Genetic Information Processing_Membrane Trafficking,Brite Hierarchies,Genetic Information Processing,Membrane Trafficking
KO_1,CSTIV,0.15840155627438357,1.0558367691222004,0.15002466376130769,0.8807451566073946,0.9994137212654459,FALSE,ANCOM-BC,Brite Hierarchies_Genetic Information Processing_Membrane Trafficking,Brite Hierarchies,Genetic Information Processing,Membrane Trafficking
KO_2,(Intercept),-0.8608955147420817,1.7295960959561059,-0.4977436736558925,0.6186647211669354,0.9998743149771957,FALSE,ANCOM-BC,Brite Hierarchies_Metabolism_Protein Kinases,Brite Hierarchies,Metabolism,Protein Kinases
KO_2,CSTIII,-0.21574943619187087,1.7693621205184407,-0.12193628070247946,0.9029494821591098,0.9975872481876159,FALSE,ANCOM-BC,Brite Hierarchies_Metabolism_Protein Kinases,Brite Hierarchies,Metabolism,Protein Kinases
KO_2,CSTIV,2.215937364055639,1.7783266471635972,1.2460800537347982,0.21273500681772733,0.861070265690801,FALSE,ANCOM-BC,Brite Hierarchies_Metabolism_Protein Kinases,Brite Hierarchies,Metabolism,Protein Kinases
KO_3,(Intercept),-3.7185618394328204,1.0461410970182143,-3.5545509587872317,3.78625131332019e-4,0.03218313616322161,TRUE,ANCOM-BC,Brite Hierarchies_Signaling And Cellular Processes_G Protein-Coupled Receptors,Brite Hierarchies,Signaling And Cellular Processes,G Protein-Coupled Receptors
KO_3,CSTIII,3.928856640478212,1.0701934596807803,3.6711648767224947,2.414475144140807e-4,0.020523038725196858,TRUE,ANCOM-BC,Brite Hierarchies_Signaling And Cellular Processes_G Protein-Coupled Receptors,Brite Hierarchies,Signaling And Cellular Processes,G Protein-Coupled Receptors
KO_3,CSTIV,3.655801497725521,1.0756156271803137,3.3987991670491704,6.768239589541372e-4,0.05753003651110167,FALSE,ANCOM-BC,Brite Hierarchies_Signaling And Cellular Processes_G Protein-Coupled Receptors,Brite Hierarchies,Signaling And Cellular Processes,G Protein-Coupled Receptors
KO_4,(Intercept),-0.08258298596102248,1.0225743974563906,-0.08075988032405669,0.9356329146695923,0.9998743149771957,FALSE,ANCOM-BC,Brite Hierarchies_Signaling And Cellular Processes_Ion Channels,Brite Hierarchies,Signaling And Cellular Processes,Ion Channels
KO_4,CSTIII,0.13096339929584963,1.0460849261290324,0.1251938499682535,0.900370085953964,0.9975872481876159,FALSE,ANCOM-BC,Brite Hierarchies_Signaling And Cellular Processes_Ion Channels,Brite Hierarchies,Signaling And Cellular Processes,Ion Channels
KO_4,CSTIV,0.010975814671166265,1.051384947014883,0.010439387307502412,0.9916707253318903,0.9994137212654459,FALSE,ANCOM-BC,Brite Hierarchies_Signaling And Cellular Processes_Ion Channels,Brite Hierarchies,Signaling And Cellular Processes,Ion Channels
KO_5,(Intercept),0.26232741673100013,1.02142690076741,0.2568244644172877,0.7973142834832545,0.9998743149771957,FALSE,ANCOM-BC,Cellular Processes_Cell Motility_Bacterial Motility Proteins,Cellular Processes,Cell Motility,Bacterial Motility Proteins
KO_5,CSTIII,-0.19381284173573335,1.0449110467593636,-0.18548262298194193,0.8528505086357652,0.9975872481876159,FALSE,ANCOM-BC,Cellular Processes_Cell Motility_Bacterial Motility Proteins,Cellular Processes,Cell Motility,Bacterial Motility Proteins
KO_5,CSTIV,-0.3783800096432308,1.0502051201499187,-0.3602915300862525,0.7186291326249252,0.9994137212654459,FALSE,ANCOM-BC,Cellular Processes_Cell Motility_Bacterial Motility Proteins,Cellular Processes,Cell Motility,Bacterial Motility Proteins
KO_7,(Intercept),-0.6305788863165745,0.7849098612041094,-0.8033774545133376,0.42175660207083765,0.9998743149771957,FALSE,ANCOM-BC,Cellular Processes_Transport And Catabolism_Peroxisome,Cellular Processes,Transport And Catabolism,Peroxisome
KO_7,CSTIII,0.72646071198448,0.8029561235036364,0.904732762750006,0.3656069797895054,0.9975872481876159,FALSE,ANCOM-BC,Cellular Processes_Transport And Catabolism_Peroxisome,Cellular Processes,Transport And Catabolism,Peroxisome
KO_7,CSTIV,0.5319268884663939,0.8070243249648109,0.6591212581970038,0.509817905702728,0.9994137212654459,FALSE,ANCOM-BC,Cellular Processes_Transport And Catabolism_Peroxisome,Cellular Processes,Transport And Catabolism,Peroxisome
KO_8,(Intercept),0.48620263996510643,1.026811038111681,0.47350741462542073,0.6358512123498306,0.9998743149771957,FALSE,ANCOM-BC,Environmental Information Processing_Membrane Transport_Abc Transporters,Environmental Information Processing,Membrane Transport,Abc Transporters
KO_8,CSTIII,-0.32236857340438413,1.0504189735469505,-0.3068952308771061,0.7589231192367677,0.9975872481876159,FALSE,ANCOM-BC,Environmental Information Processing_Membrane Transport_Abc Transporters,Environmental Information Processing,Membrane Transport,Abc Transporters
KO_8,CSTIV,-0.732154906699701,1.0557409530149977,-0.6934986320354479,0.48799668401327967,0.9994137212654459,FALSE,ANCOM-BC,Environmental Information Processing_Membrane Transport_Abc Transporters,Environmental Information Processing,Membrane Transport,Abc Transporters
KO_9,(Intercept),-0.0026063921473055075,1.0978442454306203,-0.0023741001131569184,0.9981057439533607,0.9998743149771957,FALSE,ANCOM-BC,Environmental Information Processing_Membrane Transport_Secretion System,Environmental Information Processing,Membrane Transport,Secretion System
KO_9,CSTIII,-0.11352657999737802,1.1230853415058741,-0.10108455324076922,0.9194833399612148,0.9975872481876159,FALSE,ANCOM-BC,Environmental Information Processing_Membrane Transport_Secretion System,Environmental Information Processing,Membrane Transport,Secretion System
KO_9,CSTIV,0.1285455748000582,1.1287754873228109,0.11388055130869114,0.9093324830632886,0.9994137212654459,FALSE,ANCOM-BC,Environmental Information Processing_Membrane Transport_Secretion System,Environmental Information Processing,Membrane Transport,Secretion System
KO_10,(Intercept),-3.8280976865131335,1.923045399850447,-1.9906434277687048,0.04652010227266349,0.5895451054182447,FALSE,ANCOM-BC,Environmental Information Processing_Membrane Transport_Transporters,Environmental Information Processing,Membrane Transport,Transporters
KO_10,CSTIII,2.6927819504104735,1.9672591158641068,1.3687988169406373,0.1710621708168529,0.9975872481876159,FALSE,ANCOM-BC,Environmental Information Processing_Membrane Transport_Transporters,Environmental Information Processing,Membrane Transport,Transporters
KO_10,CSTIV,5.424775195992302,1.9772262936156704,2.74362889746537,0.0060764187381740055,0.25824779637239526,FALSE,ANCOM-BC,Environmental Information Processing_Membrane Transport_Transporters,Environmental Information Processing,Membrane Transport,Transporters
KO_11,(Intercept),2.1398176047636714,1.5885115009156932,1.3470583017687812,0.17796145634655827,0.9998743149771957,FALSE,ANCOM-BC,Environmental Information Processing_Signal Transduction_Calcium Signaling Pathway,Environmental Information Processing,Signal Transduction,Calcium Signaling Pathway
KO_11,CSTIII,-3.111775275349548,1.6250337777123725,-1.9148988273524523,0.0555054074056809,0.7495523893019505,FALSE,ANCOM-BC,Environmental Information Processing_Signal Transduction_Calcium Signaling Pathway,Environmental Information Processing,Signal Transduction,Calcium Signaling Pathway
KO_11,CSTIV,-1.0848608781352216,1.633267060447799,-0.6642274888209533,0.5065447222857358,0.9994137212654459,FALSE,ANCOM-BC,Environmental Information Processing_Signal Transduction_Calcium Signaling Pathway,Environmental Information Processing,Signal Transduction,Calcium Signaling Pathway
KO_12,(Intercept),0.3122734327193411,0.8033559833109823,0.38871115570998216,0.6974898290564195,0.9998743149771957,FALSE,ANCOM-BC,Environmental Information Processing_Signal Transduction_Hedgehog Signaling Pathway,Environmental Information Processing,Signal Transduction,Hedgehog Signaling Pathway
KO_12,CSTIII,-0.4369222676734858,0.8218263497967391,-0.5316479178132327,0.5949698702886321,0.9975872481876159,FALSE,ANCOM-BC,Environmental Information Processing_Signal Transduction_Hedgehog Signaling Pathway,Environmental Information Processing,Signal Transduction,Hedgehog Signaling Pathway
KO_12,CSTIV,-0.19386503717876358,0.8259901578295944,-0.23470623147395764,0.814436750812266,0.9994137212654459,FALSE,ANCOM-BC,Environmental Information Processing_Signal Transduction_Hedgehog Signaling Pathway,Environmental Information Processing,Signal Transduction,Hedgehog Signaling Pathway
KO_14,(Intercept),-1.045453429736508,1.19386380793861,-0.8756890214652244,0.38119911525823963,0.9998743149771957,FALSE,ANCOM-BC,Environmental Information Processing_Signal Transduction_Wnt Signaling Pathway,Environmental Information Processing,Signal Transduction,Wnt Signaling Pathway
KO_14,CSTIII,0.7380665091353026,1.2213125386691943,0.6043223874042416,0.5456293249605919,0.9975872481876159,FALSE,ANCOM-BC,Environmental Information Processing_Signal Transduction_Wnt Signaling Pathway,Environmental Information Processing,Signal Transduction,Wnt Signaling Pathway
KO_14,CSTIV,1.465953008355229,1.2275003555485091,1.1942587240230715,0.23237677823642855,0.8978193704589286,FALSE,ANCOM-BC,Environmental Information Processing_Signal Transduction_Wnt Signaling Pathway,Environmental Information Processing,Signal Transduction,Wnt Signaling Pathway
KO_15,(Intercept),0.48321407025945945,0.651582836470331,0.7416003663894268,0.4583295014954467,0.9998743149771957,FALSE,ANCOM-BC,Environmental Information Processing_Signaling Molecules And Interaction_Cytokine-Cytokine Receptor Interaction,Environmental Information Processing,Signaling Molecules And Interaction,Cytokine-Cytokine Receptor Interaction
KO_15,CSTIII,-0.0020156490394898623,0.6665637092533213,-0.003023940564882799,0.9975872481876159,0.9975872481876159,FALSE,ANCOM-BC,Environmental Information Processing_Signaling Molecules And Interaction_Cytokine-Cytokine Receptor Interaction,Environmental Information Processing,Signaling Molecules And Interaction,Cytokine-Cytokine Receptor Interaction
KO_15,CSTIV,-1.1189003401636608,0.6699408744265787,-1.6701478934560594,0.09489010635963868,0.5761185028978063,FALSE,ANCOM-BC,Environmental Information Processing_Signaling Molecules And Interaction_Cytokine-Cytokine Receptor Interaction,Environmental Information Processing,Signaling Molecules And Interaction,Cytokine-Cytokine Receptor Interaction
KO_16,(Intercept),-0.8518211457467808,1.0864951114610668,-0.7840082636002774,0.4330352614752802,0.9998743149771957,FALSE,ANCOM-BC,Environmental Information Processing_Signaling Molecules And Interaction_Neuroactive Ligand-Receptor Interaction,Environmental Information Processing,Signaling Molecules And Interaction,Neuroactive Ligand-Receptor Interaction
KO_16,CSTIII,0.42801439046727296,1.1114752738181828,0.3850867406136183,0.7001731513980185,0.9975872481876159,FALSE,ANCOM-BC,Environmental Information Processing_Signaling Molecules And Interaction_Neuroactive Ligand-Receptor Interaction,Environmental Information Processing,Signaling Molecules And Interaction,Neuroactive Ligand-Receptor Interaction
KO_16,CSTIV,1.4042861050280022,1.1171065968763798,1.2570744000211127,0.2087266960826339,0.861070265690801,FALSE,ANCOM-BC,Environmental Information Processing_Signaling Molecules And Interaction_Neuroactive Ligand-Receptor Interaction,Environmental Information Processing,Signaling Molecules And Interaction,Neuroactive Ligand-Receptor Interaction
KO_18,(Intercept),-0.05359410687604881,1.0211549455989153,-0.0524838146326711,0.9581431916116061,0.9998743149771957,FALSE,ANCOM-BC,"Genetic Information Processing_Folding, Sorting And Degradation_Proteasome",Genetic Information Processing,"Folding, Sorting And Degradation",Proteasome
KO_18,CSTIII,0.08153761471736226,1.0446328389311093,0.07805384981080367,0.9377852176550596,0.9975872481876159,FALSE,ANCOM-BC,"Genetic Information Processing_Folding, Sorting And Degradation_Proteasome",Genetic Information Processing,"Folding, Sorting And Degradation",Proteasome
KO_18,CSTIV,0.005438626387655724,1.0499255027732965,0.005180011699201529,0.9958669671237192,0.9994137212654459,FALSE,ANCOM-BC,"Genetic Information Processing_Folding, Sorting And Degradation_Proteasome",Genetic Information Processing,"Folding, Sorting And Degradation",Proteasome
KO_19,(Intercept),-0.08977226968615526,1.022815974314185,-0.08776971805348373,0.9300597063467131,0.9998743149771957,FALSE,ANCOM-BC,"Genetic Information Processing_Folding, Sorting And Degradation_Rna Degradation",Genetic Information Processing,"Folding, Sorting And Degradation",Rna Degradation
KO_19,CSTIII,0.1391003885899653,1.0463320572033767,0.1329409604076846,0.8942400726634706,0.9975872481876159,FALSE,ANCOM-BC,"Genetic Information Processing_Folding, Sorting And Degradation_Rna Degradation",Genetic Information Processing,"Folding, Sorting And Degradation",Rna Degradation
KO_19,CSTIV,0.01741159062439317,1.0516333301862824,0.01655671242495609,0.986790258300703,0.9994137212654459,FALSE,ANCOM-BC,"Genetic Information Processing_Folding, Sorting And Degradation_Rna Degradation",Genetic Information Processing,"Folding, Sorting And Degradation",Rna Degradation
KO_20,(Intercept),-0.050090997100636296,1.0230905327151765,-0.04896047368134662,0.9609507955730683,0.9998743149771957,FALSE,ANCOM-BC,Genetic Information Processing_Transcription_Rna Polymerase,Genetic Information Processing,Transcription,Rna Polymerase
KO_20,CSTIII,0.09526412225299015,1.046612928116372,0.0910213505812894,0.9274756261636848,0.9975872481876159,FALSE,ANCOM-BC,Genetic Information Processing_Transcription_Rna Polymerase,Genetic Information Processing,Transcription,Rna Polymerase
KO_20,CSTIV,-0.01943247664278574,1.0519156241402452,-0.01847341763619905,0.9852611835999149,0.9994137212654459,FALSE,ANCOM-BC,Genetic Information Processing_Transcription_Rna Polymerase,Genetic Information Processing,Transcription,Rna Polymerase
KO_21,(Intercept),0.08735558581047634,1.0202850590236552,0.08561880333136487,0.9317694504505312,0.9998743149771957,FALSE,ANCOM-BC,Genetic Information Processing_Translation_Ribosome Biogenesis,Genetic Information Processing,Translation,Ribosome Biogenesis
KO_21,CSTIII,0.006029140058534687,1.0437429523506458,0.00577646061700946,0.9953910768889882,0.9975872481876159,FALSE,ANCOM-BC,Genetic Information Processing_Translation_Ribosome Biogenesis,Genetic Information Processing,Translation,Ribosome Biogenesis
KO_21,CSTIV,-0.22396454517212674,1.049031107555585,-0.21349657179757137,0.8309396627925905,0.9994137212654459,FALSE,ANCOM-BC,Genetic Information Processing_Translation_Ribosome Biogenesis,Genetic Information Processing,Translation,Ribosome Biogenesis
KO_22,(Intercept),-1.9640708773214484,2.3409380370068864,-0.8390101943205217,0.40146358899850654,0.9998743149771957,FALSE,ANCOM-BC,Metabolism_Amino Acid Metabolism_Amino Acid Related Enzymes,Metabolism,Amino Acid Metabolism,Amino Acid Related Enzymes
KO_22,CSTIII,1.9652128661606516,2.394759735434727,0.8206304946094733,0.4118567723174404,0.9975872481876159,FALSE,ANCOM-BC,Metabolism_Amino Acid Metabolism_Amino Acid Related Enzymes,Metabolism,Amino Acid Metabolism,Amino Acid Related Enzymes
KO_22,CSTIV,2.0580130784896657,2.4068928579923425,0.8550497258969445,0.3925236198293775,0.9994137212654459,FALSE,ANCOM-BC,Metabolism_Amino Acid Metabolism_Amino Acid Related Enzymes,Metabolism,Amino Acid Metabolism,Amino Acid Related Enzymes
KO_23,(Intercept),0.2466242127297581,1.0359398877552661,0.23806807291121646,0.8118282970160393,0.9998743149771957,FALSE,ANCOM-BC,Metabolism_Amino Acid Metabolism_Arginine And Proline Metabolism,Metabolism,Amino Acid Metabolism,Arginine And Proline Metabolism
KO_23,CSTIII,-0.43059834740542413,1.0597577092211536,-0.4063177306083324,0.6845091592632029,0.9975872481876159,FALSE,ANCOM-BC,Metabolism_Amino Acid Metabolism_Arginine And Proline Metabolism,Metabolism,Amino Acid Metabolism,Arginine And Proline Metabolism
KO_23,CSTIV,-0.05157906496048256,1.0651270036756655,-0.04842527208726045,0.9613773187146812,0.9994137212654459,FALSE,ANCOM-BC,Metabolism_Amino Acid Metabolism_Arginine And Proline Metabolism,Metabolism,Amino Acid Metabolism,Arginine And Proline Metabolism
KO_24,(Intercept),1.0192814370765657,2.0969616421858883,0.48607538477149215,0.6269137185621221,0.9998743149771957,FALSE,ANCOM-BC,Metabolism_Amino Acid Metabolism_Cysteine And Methionine Metabolism,Metabolism,Amino Acid Metabolism,Cysteine And Methionine Metabolism
KO_24,CSTIII,-0.9581100251336837,2.145173955086226,-0.4466351191995393,0.6551385343451093,0.9975872481876159,FALSE,ANCOM-BC,Metabolism_Amino Acid Metabolism_Cysteine And Methionine Metabolism,Metabolism,Amino Acid Metabolism,Cysteine And Methionine Metabolism
KO_24,CSTIV,-1.1695669451156074,2.156042543746433,-0.5424600495513958,0.5875016217662894,0.9994137212654459,FALSE,ANCOM-BC,Metabolism_Amino Acid Metabolism_Cysteine And Methionine Metabolism,Metabolism,Amino Acid Metabolism,Cysteine And Methionine Metabolism
KO_25,(Intercept),1.1245788022223675,1.1494254416475507,0.9783834266017561,0.3278847220449174,0.9998743149771957,FALSE,ANCOM-BC,"Metabolism_Amino Acid Metabolism_Glycine, Serine And Threonine Metabolism",Metabolism,Amino Acid Metabolism,"Glycine, Serine And Threonine Metabolism"
KO_25,CSTIII,-1.9280434333718095,1.1758524672704675,-1.6396984205403078,0.10106788751838804,0.7907293190132386,FALSE,ANCOM-BC,"Metabolism_Amino Acid Metabolism_Glycine, Serine And Threonine Metabolism",Metabolism,Amino Acid Metabolism,"Glycine, Serine And Threonine Metabolism"
KO_25,CSTIV,-0.21861416389918145,1.1818099593244573,-0.18498250262177943,0.8532427596102313,0.9994137212654459,FALSE,ANCOM-BC,"Metabolism_Amino Acid Metabolism_Glycine, Serine And Threonine Metabolism",Metabolism,Amino Acid Metabolism,"Glycine, Serine And Threonine Metabolism"
KO_26,(Intercept),-1.5851384958820802,1.2496697728448334,-1.2684458969296848,0.20463876003918022,0.9998743149771957,FALSE,ANCOM-BC,Metabolism_Amino Acid Metabolism_Lysine Biosynthesis,Metabolism,Amino Acid Metabolism,Lysine Biosynthesis
KO_26,CSTIII,1.494145464243775,1.2784015669312927,1.1687606640144845,0.24250007285160796,0.9975872481876159,FALSE,ANCOM-BC,Metabolism_Amino Acid Metabolism_Lysine Biosynthesis,Metabolism,Amino Acid Metabolism,Lysine Biosynthesis
KO_26,CSTIV,1.7706218718404159,1.2848786270972512,1.3780460150080769,0.1681890816007937,0.7524248387403929,FALSE,ANCOM-BC,Metabolism_Amino Acid Metabolism_Lysine Biosynthesis,Metabolism,Amino Acid Metabolism,Lysine Biosynthesis
KO_27,(Intercept),-0.12553179256516156,1.0341020107519312,-0.121392078595692,0.9033804908466397,0.9998743149771957,FALSE,ANCOM-BC,Metabolism_Amino Acid Metabolism_Lysine Degradation,Metabolism,Amino Acid Metabolism,Lysine Degradation
KO_27,CSTIII,0.1623090943314396,1.0578775766517774,0.153428995862786,0.8780599801964212,0.9975872481876159,FALSE,ANCOM-BC,Metabolism_Amino Acid Metabolism_Lysine Degradation,Metabolism,Amino Acid Metabolism,Lysine Degradation
KO_27,CSTIV,0.07063409015118045,1.063237345357818,0.06643304099463278,0.9470330653863919,0.9994137212654459,FALSE,ANCOM-BC,Metabolism_Amino Acid Metabolism_Lysine Degradation,Metabolism,Amino Acid Metabolism,Lysine Degradation
KO_28,(Intercept),0.10648837604787724,1.021187105838831,0.10427900571698344,0.9169479380814536,0.9998743149771957,FALSE,ANCOM-BC,"Metabolism_Amino Acid Metabolism_Phenylalanine, Tyrosine And Tryptophan Biosynthesis",Metabolism,Amino Acid Metabolism,"Phenylalanine, Tyrosine And Tryptophan Biosynthesis"
KO_28,CSTIII,-0.1964697739240339,1.044665738583477,-0.18806951033967925,0.8508221618108464,0.9975872481876159,FALSE,ANCOM-BC,"Metabolism_Amino Acid Metabolism_Phenylalanine, Tyrosine And Tryptophan Biosynthesis",Metabolism,Amino Acid Metabolism,"Phenylalanine, Tyrosine And Tryptophan Biosynthesis"
KO_28,CSTIV,-0.018912257107614152,1.0499585691127469,-0.018012384168258844,0.9856289738767153,0.9994137212654459,FALSE,ANCOM-BC,"Metabolism_Amino Acid Metabolism_Phenylalanine, Tyrosine And Tryptophan Biosynthesis",Metabolism,Amino Acid Metabolism,"Phenylalanine, Tyrosine And Tryptophan Biosynthesis"
KO_29,(Intercept),-1.4937193392261447,2.692550131586424,-0.5547600847624924,0.5790587723261886,0.9998743149771957,FALSE,ANCOM-BC,Metabolism_Amino Acid Metabolism_Tryptophan Metabolism,Metabolism,Amino Acid Metabolism,Tryptophan Metabolism
KO_29,CSTIII,1.2667683557417928,2.7544559227236287,0.45989784962294905,0.6455895437803526,0.9975872481876159,FALSE,ANCOM-BC,Metabolism_Amino Acid Metabolism_Tryptophan Metabolism,Metabolism,Amino Acid Metabolism,Tryptophan Metabolism
KO_29,CSTIV,1.8410128185007135,2.7684114568824194,0.6650069352674642,0.5060460572507726,0.9994137212654459,FALSE,ANCOM-BC,Metabolism_Amino Acid Metabolism_Tryptophan Metabolism,Metabolism,Amino Acid Metabolism,Tryptophan Metabolism
KO_30,(Intercept),0.07232801420957236,1.5953598531748123,0.045336488859010406,0.9638391034235717,0.9998743149771957,FALSE,ANCOM-BC,Metabolism_Amino Acid Metabolism_Tyrosine Metabolism,Metabolism,Amino Acid Metabolism,Tyrosine Metabolism
KO_30,CSTIII,-0.31563779230342515,1.6320395839255009,-0.19340081908076645,0.8466450740111968,0.9975872481876159,FALSE,ANCOM-BC,Metabolism_Amino Acid Metabolism_Tyrosine Metabolism,Metabolism,Amino Acid Metabolism,Tyrosine Metabolism
KO_30,CSTIV,0.20557499253176958,1.6403083617897878,0.12532704052514906,0.9002646457064203,0.9994137212654459,FALSE,ANCOM-BC,Metabolism_Amino Acid Metabolism_Tyrosine Metabolism,Metabolism,Amino Acid Metabolism,Tyrosine Metabolism
KO_31,(Intercept),0.8357684274774139,1.0064127741687607,0.8304429841599643,0.4062883713472343,0.9998743149771957,FALSE,ANCOM-BC,"Metabolism_Amino Acid Metabolism_Valine, Leucine And Isoleucine Biosynthesis",Metabolism,Amino Acid Metabolism,"Valine, Leucine And Isoleucine Biosynthesis"
KO_31,CSTIII,-0.6413255355719679,1.029551722730806,-0.6229172574942634,0.5333388967789449,0.9975872481876159,FALSE,ANCOM-BC,"Metabolism_Amino Acid Metabolism_Valine, Leucine And Isoleucine Biosynthesis",Metabolism,Amino Acid Metabolism,"Valine, Leucine And Isoleucine Biosynthesis"
KO_31,CSTIV,-1.1393010103505186,1.034767977642086,-1.1010207456812018,0.27088762822222784,0.9994137212654459,FALSE,ANCOM-BC,"Metabolism_Amino Acid Metabolism_Valine, Leucine And Isoleucine Biosynthesis",Metabolism,Amino Acid Metabolism,"Valine, Leucine And Isoleucine Biosynthesis"
KO_32,(Intercept),0.3920674845730399,1.0450910101092072,0.37515152343724656,0.7075477803325434,0.9998743149771957,FALSE,ANCOM-BC,"Metabolism_Amino Acid Metabolism_Valine, Leucine And Isoleucine Degradation",Metabolism,Amino Acid Metabolism,"Valine, Leucine And Isoleucine Degradation"
KO_32,CSTIII,-0.8661452187648161,1.0691192296889378,-0.810148386365497,0.4178548976161703,0.9975872481876159,FALSE,ANCOM-BC,"Metabolism_Amino Acid Metabolism_Valine, Leucine And Isoleucine Degradation",Metabolism,Amino Acid Metabolism,"Valine, Leucine And Isoleucine Degradation"
KO_32,CSTIV,0.15107961278212842,1.0745359545697597,0.1405998674494053,0.8881860529575494,0.9994137212654459,FALSE,ANCOM-BC,"Metabolism_Amino Acid Metabolism_Valine, Leucine And Isoleucine Degradation",Metabolism,Amino Acid Metabolism,"Valine, Leucine And Isoleucine Degradation"
KO_33,(Intercept),-1.449214101219968,1.8642301058889776,-0.7773794107508499,0.43693495615828387,0.9998743149771957,FALSE,ANCOM-BC,Metabolism_Biosynthesis Of Other Secondary Metabolites_Caffeine Metabolism,Metabolism,Biosynthesis Of Other Secondary Metabolites,Caffeine Metabolism
KO_33,CSTIII,1.8035511434521134,1.9070915695300856,0.9457076798344377,0.34429770432016205,0.9975872481876159,FALSE,ANCOM-BC,Metabolism_Biosynthesis Of Other Secondary Metabolites_Caffeine Metabolism,Metabolism,Biosynthesis Of Other Secondary Metabolites,Caffeine Metabolism
KO_33,CSTIV,1.0798105638710591,1.9167539065901762,0.5633537827461619,0.5731940018525992,0.9994137212654459,FALSE,ANCOM-BC,Metabolism_Biosynthesis Of Other Secondary Metabolites_Caffeine Metabolism,Metabolism,Biosynthesis Of Other Secondary Metabolites,Caffeine Metabolism
KO_34,(Intercept),-0.6299841354656347,3.3598220906318854,-0.18750520666621157,0.8512645417586677,0.9998743149771957,FALSE,ANCOM-BC,Metabolism_Biosynthesis Of Other Secondary Metabolites_Phenylpropanoid Biosynthesis,Metabolism,Biosynthesis Of Other Secondary Metabolites,Phenylpropanoid Biosynthesis
KO_34,CSTIII,0.7830840867551206,3.437069471158196,0.22783481489864774,0.8197746600086513,0.9975872481876159,FALSE,ANCOM-BC,Metabolism_Biosynthesis Of Other Secondary Metabolites_Phenylpropanoid Biosynthesis,Metabolism,Biosynthesis Of Other Secondary Metabolites,Phenylpropanoid Biosynthesis
KO_34,CSTIV,0.4610015975174596,3.4544834874854047,0.13345022466818415,0.8938373270375506,0.9994137212654459,FALSE,ANCOM-BC,Metabolism_Biosynthesis Of Other Secondary Metabolites_Phenylpropanoid Biosynthesis,Metabolism,Biosynthesis Of Other Secondary Metabolites,Phenylpropanoid Biosynthesis
KO_35,(Intercept),-0.5619000429172538,1.0592014176077058,-0.5304940435090727,0.5957694377702913,0.9998743149771957,FALSE,ANCOM-BC,Metabolism_Carbohydrate Metabolism_Amino Sugar And Nucleotide Sugar Metabolism,Metabolism,Carbohydrate Metabolism,Amino Sugar And Nucleotide Sugar Metabolism
KO_35,CSTIII,0.6340125941393973,1.0835540567513344,0.5851231788474557,0.558464894454851,0.9975872481876159,FALSE,ANCOM-BC,Metabolism_Carbohydrate Metabolism_Amino Sugar And Nucleotide Sugar Metabolism,Metabolism,Carbohydrate Metabolism,Amino Sugar And Nucleotide Sugar Metabolism
KO_35,CSTIV,0.48852579119190226,1.0890439161196184,0.4485822692371972,0.6537330267238183,0.9994137212654459,FALSE,ANCOM-BC,Metabolism_Carbohydrate Metabolism_Amino Sugar And Nucleotide Sugar Metabolism,Metabolism,Carbohydrate Metabolism,Amino Sugar And Nucleotide Sugar Metabolism
KO_36,(Intercept),2.534680465026104,1.5350477277792745,1.6512062909555132,0.09869645899286644,0.724294934236546,FALSE,ANCOM-BC,Metabolism_Carbohydrate Metabolism_Butanoate Metabolism,Metabolism,Carbohydrate Metabolism,Butanoate Metabolism
KO_36,CSTIII,-3.5670650068933427,1.5703407917437155,-2.2715228602910154,0.02311534469925713,0.47803573579942,FALSE,ANCOM-BC,Metabolism_Carbohydrate Metabolism_Butanoate Metabolism,Metabolism,Carbohydrate Metabolism,Butanoate Metabolism
KO_36,CSTIV,-1.428048602838412,1.578296970813175,-0.9048034870792715,0.36556950398165405,0.9994137212654459,FALSE,ANCOM-BC,Metabolism_Carbohydrate Metabolism_Butanoate Metabolism,Metabolism,Carbohydrate Metabolism,Butanoate Metabolism
KO_37,(Intercept),-0.0416006122911223,1.013462057253254,-0.04104802147588119,0.967257612497754,0.9998743149771957,FALSE,ANCOM-BC,Metabolism_Carbohydrate Metabolism_Citrate Cycle (Tca Cycle),Metabolism,Carbohydrate Metabolism,Citrate Cycle (Tca Cycle)
KO_37,CSTIII,0.06427414054692086,1.0367630794722298,0.06199501295864045,0.9505668034464425,0.9975872481876159,FALSE,ANCOM-BC,Metabolism_Carbohydrate Metabolism_Citrate Cycle (Tca Cycle),Metabolism,Carbohydrate Metabolism,Citrate Cycle (Tca Cycle)
KO_37,CSTIV,-7.656643970641176e-4,1.0420158709403329,-7.347914925452805e-4,0.9994137212654459,0.9994137212654459,FALSE,ANCOM-BC,Metabolism_Carbohydrate Metabolism_Citrate Cycle (Tca Cycle),Metabolism,Carbohydrate Metabolism,Citrate Cycle (Tca Cycle)
KO_38,(Intercept),0.07971456024731348,1.0198216037947563,0.07816520061027889,0.9376966431846796,0.9998743149771957,FALSE,ANCOM-BC,Metabolism_Carbohydrate Metabolism_Fructose And Mannose Metabolism,Metabolism,Carbohydrate Metabolism,Fructose And Mannose Metabolism
KO_38,CSTIII,-0.04033327867539692,1.0432688415865854,-0.03866048430437044,0.9691610787967985,0.9975872481876159,FALSE,ANCOM-BC,Metabolism_Carbohydrate Metabolism_Fructose And Mannose Metabolism,Metabolism,Carbohydrate Metabolism,Fructose And Mannose Metabolism
KO_38,CSTIV,-0.14953980086894056,1.0485545946950132,-0.14261517867120338,0.8865941091783838,0.9994137212654459,FALSE,ANCOM-BC,Metabolism_Carbohydrate Metabolism_Fructose And Mannose Metabolism,Metabolism,Carbohydrate Metabolism,Fructose And Mannose Metabolism
KO_39,(Intercept),0.29059819360041367,1.0411831464780845,0.27910382009485435,0.7801651515695073,0.9998743149771957,FALSE,ANCOM-BC,Metabolism_Carbohydrate Metabolism_Inositol Phosphate Metabolism,Metabolism,Carbohydrate Metabolism,Inositol Phosphate Metabolism
KO_39,CSTIII,-0.3303297844039775,1.0651215183751654,-0.310133424877091,0.7564594951452828,0.9975872481876159,FALSE,ANCOM-BC,Metabolism_Carbohydrate Metabolism_Inositol Phosphate Metabolism,Metabolism,Carbohydrate Metabolism,Inositol Phosphate Metabolism
KO_39,CSTIV,-0.2752781129237469,1.0705179887308247,-0.25714478021066106,0.797067009872652,0.9994137212654459,FALSE,ANCOM-BC,Metabolism_Carbohydrate Metabolism_Inositol Phosphate Metabolism,Metabolism,Carbohydrate Metabolism,Inositol Phosphate Metabolism
KO_40,(Intercept),0.19864980429107418,0.7266275404260415,0.27338601035490673,0.7845565054561168,0.9998743149771957,FALSE,ANCOM-BC,Metabolism_Carbohydrate Metabolism_Pentose And Glucuronate Interconversions,Metabolism,Carbohydrate Metabolism,Pentose And Glucuronate Interconversions
KO_40,CSTIII,-0.3574167324737959,0.7433338042108694,-0.48082938035252293,0.6306377670859877,0.9975872481876159,FALSE,ANCOM-BC,Metabolism_Carbohydrate Metabolism_Pentose And Glucuronate Interconversions,Metabolism,Carbohydrate Metabolism,Pentose And Glucuronate Interconversions
KO_40,CSTIV,-0.031832115445212146,0.7470999273898495,-0.04260757400475774,0.9660143577921716,0.9994137212654459,FALSE,ANCOM-BC,Metabolism_Carbohydrate Metabolism_Pentose And Glucuronate Interconversions,Metabolism,Carbohydrate Metabolism,Pentose And Glucuronate Interconversions
KO_41,(Intercept),-2.006546348598547,1.5273582561250498,-1.3137365385965247,0.18893488034795,0.9998743149771957,FALSE,ANCOM-BC,Metabolism_Carbohydrate Metabolism_Pentose Phosphate Pathway,Metabolism,Carbohydrate Metabolism,Pentose Phosphate Pathway
KO_41,CSTIII,1.6833620039266226,1.5624745275311658,1.0773692461959483,0.281315337709615,0.9975872481876159,FALSE,ANCOM-BC,Metabolism_Carbohydrate Metabolism_Pentose Phosphate Pathway,Metabolism,Carbohydrate Metabolism,Pentose Phosphate Pathway
KO_41,CSTIV,2.501373786439133,1.570390851935312,1.5928351743494302,0.111197172024436,0.5907349763798163,FALSE,ANCOM-BC,Metabolism_Carbohydrate Metabolism_Pentose Phosphate Pathway,Metabolism,Carbohydrate Metabolism,Pentose Phosphate Pathway
KO_42,(Intercept),-1.3002274136694136,2.043278227099994,-0.636343791278398,0.524552368269065,0.9998743149771957,FALSE,ANCOM-BC,Metabolism_Carbohydrate Metabolism_Propanoate Metabolism,Metabolism,Carbohydrate Metabolism,Propanoate Metabolism
KO_42,CSTIII,1.6802757927541536,2.09025627726819,0.8038611394341318,0.4214771752710462,0.9975872481876159,FALSE,ANCOM-BC,Metabolism_Carbohydrate Metabolism_Propanoate Metabolism,Metabolism,Carbohydrate Metabolism,Propanoate Metabolism
KO_42,CSTIV,0.8907221374701434,2.100846623854386,0.42398246847547166,0.6715785989593142,0.9994137212654459,FALSE,ANCOM-BC,Metabolism_Carbohydrate Metabolism_Propanoate Metabolism,Metabolism,Carbohydrate Metabolism,Propanoate Metabolism
KO_43,(Intercept),-0.24583854970240185,0.9530962282893114,-0.2579367564423703,0.7964557168761901,0.9998743149771957,FALSE,ANCOM-BC,Metabolism_Carbohydrate Metabolism_Starch And Sucrose Metabolism,Metabolism,Carbohydrate Metabolism,Starch And Sucrose Metabolism
KO_43,CSTIII,-0.34128430081854216,0.9750093489959526,-0.3500318239717298,0.7263148145053917,0.9975872481876159,FALSE,ANCOM-BC,Metabolism_Carbohydrate Metabolism_Starch And Sucrose Metabolism,Metabolism,Carbohydrate Metabolism,Starch And Sucrose Metabolism
KO_43,CSTIV,0.9643214205062858,0.9799492633226987,0.9840523959746407,0.32508975131129314,0.9994137212654459,FALSE,ANCOM-BC,Metabolism_Carbohydrate Metabolism_Starch And Sucrose Metabolism,Metabolism,Carbohydrate Metabolism,Starch And Sucrose Metabolism
KO_44,(Intercept),0.33786854624217544,1.0534146289890152,0.32073652381914913,0.7484100663730069,0.9998743149771957,FALSE,ANCOM-BC,Metabolism_Energy Metabolism_Carbon Fixation In Photosynthetic Organisms,Metabolism,Energy Metabolism,Carbon Fixation In Photosynthetic Organisms
KO_44,CSTIII,0.039355948819515214,1.0776342211288457,0.03652069324440067,0.9708671788913223,0.9975872481876159,FALSE,ANCOM-BC,Metabolism_Energy Metabolism_Carbon Fixation In Photosynthetic Organisms,Metabolism,Energy Metabolism,Carbon Fixation In Photosynthetic Organisms
KO_44,CSTIV,-0.837509962636654,1.0830940874710795,-0.7732568872129653,0.43937036521745826,0.9994137212654459,FALSE,ANCOM-BC,Metabolism_Energy Metabolism_Carbon Fixation In Photosynthetic Organisms,Metabolism,Energy Metabolism,Carbon Fixation In Photosynthetic Organisms
KO_45,(Intercept),-1.6173138783229376e-4,1.02671721686256,-1.5752281658090058e-4,0.9998743149771957,0.9998743149771957,FALSE,ANCOM-BC,Metabolism_Energy Metabolism_Carbon Fixation Pathways In Prokaryotes,Metabolism,Energy Metabolism,Carbon Fixation Pathways In Prokaryotes
KO_45,CSTIII,-0.08171828331335843,1.0503229952057167,-0.07780300315842656,0.9379847575180076,0.9975872481876159,FALSE,ANCOM-BC,Metabolism_Energy Metabolism_Carbon Fixation Pathways In Prokaryotes,Metabolism,Energy Metabolism,Carbon Fixation Pathways In Prokaryotes
KO_45,CSTIV,0.0838790142809057,1.055644488396598,0.0794576348409759,0.9366686275259223,0.9994137212654459,FALSE,ANCOM-BC,Metabolism_Energy Metabolism_Carbon Fixation Pathways In Prokaryotes,Metabolism,Energy Metabolism,Carbon Fixation Pathways In Prokaryotes
KO_46,(Intercept),-0.633053599716761,0.914165808876213,-0.6924931927775507,0.4886276593373426,0.9998743149771957,FALSE,ANCOM-BC,Metabolism_Energy Metabolism_Methane Metabolism,Metabolism,Energy Metabolism,Methane Metabolism
KO_46,CSTIII,0.10501722716746108,0.9351838604865359,0.11229580792040737,0.9105888655759183,0.9975872481876159,FALSE,ANCOM-BC,Metabolism_Energy Metabolism_Methane Metabolism,Metabolism,Energy Metabolism,Methane Metabolism
KO_46,CSTIV,1.3010710861562964,0.9399219977724157,1.3842330419330457,0.1662871089882806,0.7524248387403929,FALSE,ANCOM-BC,Metabolism_Energy Metabolism_Methane Metabolism,Metabolism,Energy Metabolism,Methane Metabolism
KO_47,(Intercept),0.005462787722222498,0.7692804910161244,0.007101165031504739,0.9943341376759992,0.9998743149771957,FALSE,ANCOM-BC,Metabolism_Energy Metabolism_Nitrogen Metabolism,Metabolism,Energy Metabolism,Nitrogen Metabolism
KO_47,CSTIII,-0.07042936786596148,0.7869674105070947,-0.08949464352098038,0.9286888103545858,0.9975872481876159,FALSE,ANCOM-BC,Metabolism_Energy Metabolism_Nitrogen Metabolism,Metabolism,Energy Metabolism,Nitrogen Metabolism
KO_47,CSTIV,0.05715373162254579,0.7909546046707707,0.07225918059650924,0.9423956489048015,0.9994137212654459,FALSE,ANCOM-BC,Metabolism_Energy Metabolism_Nitrogen Metabolism,Metabolism,Energy Metabolism,Nitrogen Metabolism
KO_48,(Intercept),-0.18170233528436916,1.08031365211693,-0.16819405635420243,0.8664306166795344,0.9998743149771957,FALSE,ANCOM-BC,Metabolism_Energy Metabolism_Oxidative Phosphorylation,Metabolism,Energy Metabolism,Oxidative Phosphorylation
KO_48,CSTIII,0.026142687910344173,1.1051516933946306,0.023655293718134917,0.9811275664612489,0.9975872481876159,FALSE,ANCOM-BC,Metabolism_Energy Metabolism_Oxidative Phosphorylation,Metabolism,Energy Metabolism,Oxidative Phosphorylation
KO_48,CSTIV,0.36631405854099935,1.1107509778415439,0.32978954405499206,0.7415589884364886,0.9994137212654459,FALSE,ANCOM-BC,Metabolism_Energy Metabolism_Oxidative Phosphorylation,Metabolism,Energy Metabolism,Oxidative Phosphorylation
KO_49,(Intercept),-0.22721797604195615,0.9812818189250742,-0.23155221227970738,0.816885827796763,0.9998743149771957,FALSE,ANCOM-BC,Metabolism_Energy Metabolism_Sulfur Metabolism,Metabolism,Energy Metabolism,Sulfur Metabolism
KO_49,CSTIII,0.05941671371060615,1.0038429688982857,0.05918925125890536,0.9528013708863197,0.9975872481876159,FALSE,ANCOM-BC,Metabolism_Energy Metabolism_Sulfur Metabolism,Metabolism,Energy Metabolism,Sulfur Metabolism
KO_49,CSTIV,0.42947029143231685,1.0089289696314794,0.42566950138143506,0.6703486885848763,0.9994137212654459,FALSE,ANCOM-BC,Metabolism_Energy Metabolism_Sulfur Metabolism,Metabolism,Energy Metabolism,Sulfur Metabolism
KO_50,(Intercept),-0.162823715123847,1.0266501485912898,-0.15859707939190806,0.8739863299794824,0.9998743149771957,FALSE,ANCOM-BC,Metabolism_Enzyme Families_Protein Kinases,Metabolism,Enzyme Families,Protein Kinases
KO_50,CSTIII,0.17940586082233861,1.0502543849336698,0.17082133947354974,0.864364249218553,0.9975872481876159,FALSE,ANCOM-BC,Metabolism_Enzyme Families_Protein Kinases,Metabolism,Enzyme Families,Protein Kinases
KO_50,CSTIV,0.134868171453647,1.055575530508535,0.12776742881551334,0.8983330267980798,0.9994137212654459,FALSE,ANCOM-BC,Metabolism_Enzyme Families_Protein Kinases,Metabolism,Enzyme Families,Protein Kinases
KO_51,(Intercept),-2.721699022547123,1.421218385444453,-1.9150463084503195,0.05548659815701126,0.5895451054182447,FALSE,ANCOM-BC,Metabolism_Glycan Biosynthesis And Metabolism_Glycosyltransferases,Metabolism,Glycan Biosynthesis And Metabolism,Glycosyltransferases
KO_51,CSTIII,2.4581064736408416,1.453894341036723,1.690705028735478,0.0908931533978851,0.7907293190132386,FALSE,ANCOM-BC,Metabolism_Glycan Biosynthesis And Metabolism_Glycosyltransferases,Metabolism,Glycan Biosynthesis And Metabolism,Glycosyltransferases
KO_51,CSTIV,3.184179549815548,1.4612605406452281,2.1790635285406084,0.029326949162740416,0.35444169875506526,FALSE,ANCOM-BC,Metabolism_Glycan Biosynthesis And Metabolism_Glycosyltransferases,Metabolism,Glycan Biosynthesis And Metabolism,Glycosyltransferases
KO_52,(Intercept),-3.158245613776616,1.6022606224165121,-1.971118536891573,0.0487103189171379,0.5895451054182447,FALSE,ANCOM-BC,Metabolism_Glycan Biosynthesis And Metabolism_Mucin Type O-Glycan Biosynthesis,Metabolism,Glycan Biosynthesis And Metabolism,Mucin Type O-Glycan Biosynthesis
KO_52,CSTIII,2.6777350577939276,1.639099012266748,1.6336627853193724,0.10232967657818381,0.7907293190132386,FALSE,ANCOM-BC,Metabolism_Glycan Biosynthesis And Metabolism_Mucin Type O-Glycan Biosynthesis,Metabolism,Glycan Biosynthesis And Metabolism,Mucin Type O-Glycan Biosynthesis
KO_52,CSTIV,3.912170926380599,1.6474035569380274,2.374749593021407,0.017560859031918143,0.35444169875506526,FALSE,ANCOM-BC,Metabolism_Glycan Biosynthesis And Metabolism_Mucin Type O-Glycan Biosynthesis,Metabolism,Glycan Biosynthesis And Metabolism,Mucin Type O-Glycan Biosynthesis
KO_53,(Intercept),-0.3539050572313899,1.0244007169322504,-0.3454752143196671,0.7297371406580478,0.9998743149771957,FALSE,ANCOM-BC,Metabolism_Glycan Biosynthesis And Metabolism_N-Glycan Biosynthesis,Metabolism,Glycan Biosynthesis And Metabolism,N-Glycan Biosynthesis
KO_53,CSTIII,0.2890663539839723,1.0479532354459342,0.2758389823196321,0.7826717412184634,0.9975872481876159,FALSE,ANCOM-BC,Metabolism_Glycan Biosynthesis And Metabolism_N-Glycan Biosynthesis,Metabolism,Glycan Biosynthesis And Metabolism,N-Glycan Biosynthesis
KO_53,CSTIV,0.43689977610088054,1.05326272217739,0.4148060753519178,0.6782838717443895,0.9994137212654459,FALSE,ANCOM-BC,Metabolism_Glycan Biosynthesis And Metabolism_N-Glycan Biosynthesis,Metabolism,Glycan Biosynthesis And Metabolism,N-Glycan Biosynthesis
KO_54,(Intercept),-2.628158388597403,2.628347126155446,-0.9999281915405448,0.31734526020054715,0.9998743149771957,FALSE,ANCOM-BC,Metabolism_Lipid Metabolism_Arachidonic Acid Metabolism,Metabolism,Lipid Metabolism,Arachidonic Acid Metabolism
KO_54,CSTIII,2.692035321612422,2.68877679330225,1.0012118998937694,0.3167243746548774,0.9975872481876159,FALSE,ANCOM-BC,Metabolism_Lipid Metabolism_Arachidonic Acid Metabolism,Metabolism,Lipid Metabolism,Arachidonic Acid Metabolism
KO_54,CSTIV,2.682974087565387,2.7023995621673222,0.992811768150837,0.32080169388337415,0.9994137212654459,FALSE,ANCOM-BC,Metabolism_Lipid Metabolism_Arachidonic Acid Metabolism,Metabolism,Lipid Metabolism,Arachidonic Acid Metabolism
KO_55,(Intercept),3.6191869019417133,1.8606933295380235,1.945074367972444,0.05176602834846261,0.5895451054182447,FALSE,ANCOM-BC,Metabolism_Lipid Metabolism_Fatty Acid Metabolism,Metabolism,Lipid Metabolism,Fatty Acid Metabolism
KO_55,CSTIII,-4.44832366699983,1.9034734773531001,-2.336950695622775,0.019441747892026674,0.47803573579942,FALSE,ANCOM-BC,Metabolism_Lipid Metabolism_Fatty Acid Metabolism,Metabolism,Lipid Metabolism,Fatty Acid Metabolism
KO_55,CSTIV,-2.8242312476575493,1.9131174832398548,-1.4762455899335194,0.13987797482075293,0.6993898741037646,FALSE,ANCOM-BC,Metabolism_Lipid Metabolism_Fatty Acid Metabolism,Metabolism,Lipid Metabolism,Fatty Acid Metabolism
KO_56,(Intercept),-0.008380208090639833,1.0339348271544975,-0.008105160857868662,0.9935330880945829,0.9998743149771957,FALSE,ANCOM-BC,Metabolism_Lipid Metabolism_Glycerophospholipid Metabolism,Metabolism,Lipid Metabolism,Glycerophospholipid Metabolism
KO_56,CSTIII,0.004713445310383088,1.0577065492511242,0.004456288290660859,0.9964444081425223,0.9975872481876159,FALSE,ANCOM-BC,Metabolism_Lipid Metabolism_Glycerophospholipid Metabolism,Metabolism,Lipid Metabolism,Glycerophospholipid Metabolism
KO_56,CSTIV,-0.0035234484218495074,1.063065451441672,-0.0033144228486319417,0.99735547802296,0.9994137212654459,FALSE,ANCOM-BC,Metabolism_Lipid Metabolism_Glycerophospholipid Metabolism,Metabolism,Lipid Metabolism,Glycerophospholipid Metabolism
KO_57,(Intercept),-2.0980174600721977,0.983314089139833,-2.133618833741583,0.03287399501492801,0.5895451054182447,FALSE,ANCOM-BC,Metabolism_Lipid Metabolism_Linoleic Acid Metabolism,Metabolism,Lipid Metabolism,Linoleic Acid Metabolism
KO_57,CSTIII,2.208614018504608,1.0059219640723958,2.19561168498917,0.028119749164671765,0.47803573579942,FALSE,ANCOM-BC,Metabolism_Lipid Metabolism_Linoleic Acid Metabolism,Metabolism,Lipid Metabolism,Linoleic Acid Metabolism
KO_57,CSTIV,2.0651409947545183,1.0110184980974561,2.0426342333406553,0.04108865963725669,0.35444169875506526,FALSE,ANCOM-BC,Metabolism_Lipid Metabolism_Linoleic Acid Metabolism,Metabolism,Lipid Metabolism,Linoleic Acid Metabolism
KO_58,(Intercept),-2.0276706394696595,1.7437311049466866,-1.1628344724238053,0.24489666782033825,0.9998743149771957,FALSE,ANCOM-BC,Metabolism_Lipid Metabolism_Steroid Biosynthesis,Metabolism,Lipid Metabolism,Steroid Biosynthesis
KO_58,CSTIII,0.786774441816569,1.7838221146983513,0.4410610426531316,0.6591688057106366,0.9975872481876159,FALSE,ANCOM-BC,Metabolism_Lipid Metabolism_Steroid Biosynthesis,Metabolism,Lipid Metabolism,Steroid Biosynthesis
KO_58,CSTIV,3.6511797418797314,1.7928599033409311,2.0365114614231077,0.041699023382948855,0.35444169875506526,FALSE,ANCOM-BC,Metabolism_Lipid Metabolism_Steroid Biosynthesis,Metabolism,Lipid Metabolism,Steroid Biosynthesis
KO_59,(Intercept),1.6425580491469882,2.510684614243357,0.6542271537526447,0.5129654698886985,0.9998743149771957,FALSE,ANCOM-BC,Metabolism_Lipid Metabolism_Steroid Hormone Biosynthesis,Metabolism,Lipid Metabolism,Steroid Hormone Biosynthesis
KO_59,CSTIII,-1.3106900080809631,2.5684090426643675,-0.5103120205188596,0.6098328826829251,0.9975872481876159,FALSE,ANCOM-BC,Metabolism_Lipid Metabolism_Steroid Hormone Biosynthesis,Metabolism,Lipid Metabolism,Steroid Hormone Biosynthesis
KO_59,CSTIV,-2.1610295079413455,2.581421964683903,-0.8371469436249122,0.4025099761349887,0.9994137212654459,FALSE,ANCOM-BC,Metabolism_Lipid Metabolism_Steroid Hormone Biosynthesis,Metabolism,Lipid Metabolism,Steroid Hormone Biosynthesis
KO_60,(Intercept),2.1405944440581854,2.9814884898984335,0.7179616662317239,0.4727809233033289,0.9998743149771957,FALSE,ANCOM-BC,Metabolism_Metabolism Of Cofactors And Vitamins_Folate Biosynthesis,Metabolism,Metabolism Of Cofactors And Vitamins,Folate Biosynthesis
KO_60,CSTIII,-2.1475431670782954,3.0500374099606513,-0.7041038775671938,0.48136808552251714,0.9975872481876159,FALSE,ANCOM-BC,Metabolism_Metabolism Of Cofactors And Vitamins_Folate Biosynthesis,Metabolism,Metabolism Of Cofactors And Vitamins,Folate Biosynthesis
KO_60,CSTIV,-2.271264529541648,3.065490516655569,-0.7409138985103053,0.4587456478470304,0.9994137212654459,FALSE,ANCOM-BC,Metabolism_Metabolism Of Cofactors And Vitamins_Folate Biosynthesis,Metabolism,Metabolism Of Cofactors And Vitamins,Folate Biosynthesis
KO_61,(Intercept),-3.032414895729754,1.8694415875694752,-1.6220966281553093,0.10478266003847742,0.724294934236546,FALSE,ANCOM-BC,Metabolism_Metabolism Of Cofactors And Vitamins_Pantothenate And Coa Biosynthesis,Metabolism,Metabolism Of Cofactors And Vitamins,Pantothenate And Coa Biosynthesis
KO_61,CSTIII,2.0804587655517928,1.9124228710396158,1.0878654491413975,0.27665451097179733,0.9975872481876159,FALSE,ANCOM-BC,Metabolism_Metabolism Of Cofactors And Vitamins_Pantothenate And Coa Biosynthesis,Metabolism,Metabolism Of Cofactors And Vitamins,Pantothenate And Coa Biosynthesis
KO_61,CSTIV,4.358354444170967,1.9221122192998907,2.267481784054446,0.02336081044453495,0.35444169875506526,FALSE,ANCOM-BC,Metabolism_Metabolism Of Cofactors And Vitamins_Pantothenate And Coa Biosynthesis,Metabolism,Metabolism Of Cofactors And Vitamins,Pantothenate And Coa Biosynthesis
KO_62,(Intercept),-0.016128752961119888,1.0221883929059277,-0.015778650073758196,0.9874109810905282,0.9998743149771957,FALSE,ANCOM-BC,Metabolism_Metabolism Of Cofactors And Vitamins_Porphyrin And Chlorophyll Metabolism,Metabolism,Metabolism Of Cofactors And Vitamins,Porphyrin And Chlorophyll Metabolism
KO_62,CSTIII,0.03180296431871331,1.0456900467513943,0.030413375758442353,0.9757373774782669,0.9975872481876159,FALSE,ANCOM-BC,Metabolism_Metabolism Of Cofactors And Vitamins_Porphyrin And Chlorophyll Metabolism,Metabolism,Metabolism Of Cofactors And Vitamins,Porphyrin And Chlorophyll Metabolism
KO_62,CSTIV,-0.01909389778528292,1.0509880669689466,-0.01816756858177257,0.9855051748873161,0.9994137212654459,FALSE,ANCOM-BC,Metabolism_Metabolism Of Cofactors And Vitamins_Porphyrin And Chlorophyll Metabolism,Metabolism,Metabolism Of Cofactors And Vitamins,Porphyrin And Chlorophyll Metabolism
KO_63,(Intercept),0.1285804113875149,1.0591591378454577,0.12139857627917298,0.9033753445057235,0.9998743149771957,FALSE,ANCOM-BC,Metabolism_Metabolism Of Cofactors And Vitamins_Thiamine Metabolism,Metabolism,Metabolism Of Cofactors And Vitamins,Thiamine Metabolism
KO_63,CSTIII,-0.156927199417673,1.0835108049135433,-0.14483214999429073,0.8848433978188659,0.9975872481876159,FALSE,ANCOM-BC,Metabolism_Metabolism Of Cofactors And Vitamins_Thiamine Metabolism,Metabolism,Metabolism Of Cofactors And Vitamins,Thiamine Metabolism
KO_63,CSTIV,-0.11798921513459475,1.0890004451450843,-0.108346342428607,0.9137209630096318,0.9994137212654459,FALSE,ANCOM-BC,Metabolism_Metabolism Of Cofactors And Vitamins_Thiamine Metabolism,Metabolism,Metabolism Of Cofactors And Vitamins,Thiamine Metabolism
KO_64,(Intercept),-0.9374935121514895,2.6661885983063147,-0.351623104512197,0.7251209355129649,0.9998743149771957,FALSE,ANCOM-BC,Metabolism_Metabolism Of Cofactors And Vitamins_Ubiquinone And Other Terpenoid-Quinone Biosynthesis,Metabolism,Metabolism Of Cofactors And Vitamins,Ubiquinone And Other Terpenoid-Quinone Biosynthesis
KO_64,CSTIII,1.3579930850426898,2.727488298008433,0.49789144321325735,0.6185605587375891,0.9975872481876159,FALSE,ANCOM-BC,Metabolism_Metabolism Of Cofactors And Vitamins_Ubiquinone And Other Terpenoid-Quinone Biosynthesis,Metabolism,Metabolism Of Cofactors And Vitamins,Ubiquinone And Other Terpenoid-Quinone Biosynthesis
KO_64,CSTIV,0.4575634034746855,2.7413071998817737,0.1669143113527806,0.8674374722916027,0.9994137212654459,FALSE,ANCOM-BC,Metabolism_Metabolism Of Cofactors And Vitamins_Ubiquinone And Other Terpenoid-Quinone Biosynthesis,Metabolism,Metabolism Of Cofactors And Vitamins,Ubiquinone And Other Terpenoid-Quinone Biosynthesis
KO_65,(Intercept),4.101859977073533,2.3557627420706226,1.7412025004980596,0.08164808911672504,0.6940087574921628,FALSE,ANCOM-BC,Metabolism_Metabolism Of Other Amino Acids_Cyanoamino Acid Metabolism,Metabolism,Metabolism Of Other Amino Acids,Cyanoamino Acid Metabolism
KO_65,CSTIII,-4.419918777893182,2.409925282841408,-1.8340480550840577,0.06664686113207868,0.7495523893019505,FALSE,ANCOM-BC,Metabolism_Metabolism Of Other Amino Acids_Cyanoamino Acid Metabolism,Metabolism,Metabolism Of Other Amino Acids,Cyanoamino Acid Metabolism
KO_65,CSTIV,-3.9623814260041574,2.422135242103189,-1.6359042868983409,0.10185962066091224,0.5772045170785027,FALSE,ANCOM-BC,Metabolism_Metabolism Of Other Amino Acids_Cyanoamino Acid Metabolism,Metabolism,Metabolism Of Other Amino Acids,Cyanoamino Acid Metabolism
KO_66,(Intercept),-2.1284575544420687,2.1617687897145643,-0.9845907502083542,0.3248251349886364,0.9998743149771957,FALSE,ANCOM-BC,Metabolism_Metabolism Of Other Amino Acids_Glutathione Metabolism,Metabolism,Metabolism Of Other Amino Acids,Glutathione Metabolism
KO_66,CSTIII,2.152851342275224,2.2114711167439034,0.9734928600130264,0.33030840710433385,0.9975872481876159,FALSE,ANCOM-BC,Metabolism_Metabolism Of Other Amino Acids_Glutathione Metabolism,Metabolism,Metabolism Of Other Amino Acids,Glutathione Metabolism
KO_66,CSTIV,2.2032267841103224,2.2226756019768277,0.9912498171801555,0.32156361043702236,0.9994137212654459,FALSE,ANCOM-BC,Metabolism_Metabolism Of Other Amino Acids_Glutathione Metabolism,Metabolism,Metabolism Of Other Amino Acids,Glutathione Metabolism
KO_67,(Intercept),-0.011933072611911037,1.0205743751279361,-0.011692506595038841,0.9906709420811259,0.9998743149771957,FALSE,ANCOM-BC,Metabolism_Metabolism Of Other Amino Acids_Phosphonate And Phosphinate Metabolism,Metabolism,Metabolism Of Other Amino Acids,Phosphonate And Phosphinate Metabolism
KO_67,CSTIII,0.08046773821923564,1.0440389202688016,0.07707350430817096,0.9385650707863922,0.9975872481876159,FALSE,ANCOM-BC,Metabolism_Metabolism Of Other Amino Acids_Phosphonate And Phosphinate Metabolism,Metabolism,Metabolism Of Other Amino Acids,Phosphonate And Phosphinate Metabolism
KO_67,CSTIV,-0.08847217508983099,1.049328575004141,-0.08431312860176504,0.9328074744553267,0.9994137212654459,FALSE,ANCOM-BC,Metabolism_Metabolism Of Other Amino Acids_Phosphonate And Phosphinate Metabolism,Metabolism,Metabolism Of Other Amino Acids,Phosphonate And Phosphinate Metabolism
KO_68,(Intercept),-0.019905397029590686,1.022680909032453,-0.019463937239644926,0.9844710055035143,0.9998743149771957,FALSE,ANCOM-BC,Metabolism_Metabolism Of Terpenoids And Polyketides_Diterpenoid Biosynthesis,Metabolism,Metabolism Of Terpenoids And Polyketides,Diterpenoid Biosynthesis
KO_68,CSTIII,0.15610029030824427,1.0461938865669762,0.1492078020265232,0.8813896637836142,0.9975872481876159,FALSE,ANCOM-BC,Metabolism_Metabolism Of Terpenoids And Polyketides_Diterpenoid Biosynthesis,Metabolism,Metabolism Of Terpenoids And Polyketides,Diterpenoid Biosynthesis
KO_68,CSTIV,-0.16316971184447338,1.051494459504178,-0.15517886030651504,0.8766803134306835,0.9994137212654459,FALSE,ANCOM-BC,Metabolism_Metabolism Of Terpenoids And Polyketides_Diterpenoid Biosynthesis,Metabolism,Metabolism Of Terpenoids And Polyketides,Diterpenoid Biosynthesis
KO_70,(Intercept),-1.4153264259528175,0.7732209816603782,-1.8304294108957215,0.06718575316837433,0.6345321132568686,FALSE,ANCOM-BC,Metabolism_Nucleotide Metabolism_Purine Metabolism,Metabolism,Nucleotide Metabolism,Purine Metabolism
KO_70,CSTIII,1.4304323310864027,0.7909984989782709,1.8083881738512595,0.07054610722841886,0.7495523893019505,FALSE,ANCOM-BC,Metabolism_Nucleotide Metabolism_Purine Metabolism,Metabolism,Nucleotide Metabolism,Purine Metabolism
KO_70,CSTIV,1.4607561327383018,0.7950061167734861,1.837414960612815,0.06614865991634689,0.48649859344325347,FALSE,ANCOM-BC,Metabolism_Nucleotide Metabolism_Purine Metabolism,Metabolism,Nucleotide Metabolism,Purine Metabolism
KO_71,(Intercept),-0.1337861603891756,1.0220588567827,-0.1308986850427733,0.8958554549167785,0.9998743149771957,FALSE,ANCOM-BC,Metabolism_Nucleotide Metabolism_Pyrimidine Metabolism,Metabolism,Nucleotide Metabolism,Pyrimidine Metabolism
KO_71,CSTIII,0.185814343480802,1.0455575323971968,0.17771795211955202,0.8589444859277677,0.9975872481876159,FALSE,ANCOM-BC,Metabolism_Nucleotide Metabolism_Pyrimidine Metabolism,Metabolism,Nucleotide Metabolism,Pyrimidine Metabolism
KO_71,CSTIV,0.060623339079709467,1.0508548812267697,0.05768954416326037,0.9539959223752127,0.9994137212654459,FALSE,ANCOM-BC,Metabolism_Nucleotide Metabolism_Pyrimidine Metabolism,Metabolism,Nucleotide Metabolism,Pyrimidine Metabolism
KO_72,(Intercept),0.5106527914130826,1.0160409332746594,0.5025907664637772,0.6152520224411399,0.9998743149771957,FALSE,ANCOM-BC,Metabolism_Xenobiotics Biodegradation And Metabolism_Benzoate Degradation,Metabolism,Xenobiotics Biodegradation And Metabolism,Benzoate Degradation
KO_72,CSTIII,-0.6265907650902048,1.039401247745422,-0.602838188283255,0.5466163393323311,0.9975872481876159,FALSE,ANCOM-BC,Metabolism_Xenobiotics Biodegradation And Metabolism_Benzoate Degradation,Metabolism,Xenobiotics Biodegradation And Metabolism,Benzoate Degradation
KO_72,CSTIV,-0.4142822745096347,1.0446674055727934,-0.3965685846994363,0.6916856226916912,0.9994137212654459,FALSE,ANCOM-BC,Metabolism_Xenobiotics Biodegradation And Metabolism_Benzoate Degradation,Metabolism,Xenobiotics Biodegradation And Metabolism,Benzoate Degradation
KO_73,(Intercept),-0.6286578593779095,2.052897059402019,-0.3062296068371928,0.7594298315326677,0.9998743149771957,FALSE,ANCOM-BC,Metabolism_Xenobiotics Biodegradation And Metabolism_Chloroalkane And Chloroalkene Degradation,Metabolism,Xenobiotics Biodegradation And Metabolism,Chloroalkane And Chloroalkene Degradation
KO_73,CSTIII,-0.3538298525179817,2.100096261041635,-0.1684826829521063,0.866203565933217,0.9975872481876159,FALSE,ANCOM-BC,Metabolism_Xenobiotics Biodegradation And Metabolism_Chloroalkane And Chloroalkene Degradation,Metabolism,Xenobiotics Biodegradation And Metabolism,Chloroalkane And Chloroalkene Degradation
KO_73,CSTIV,1.8547500918524695,2.110736462202936,0.8787217755819225,0.37955214884302185,0.9994137212654459,FALSE,ANCOM-BC,Metabolism_Xenobiotics Biodegradation And Metabolism_Chloroalkane And Chloroalkene Degradation,Metabolism,Xenobiotics Biodegradation And Metabolism,Chloroalkane And Chloroalkene Degradation
KO_74,(Intercept),0.19874702862955587,1.025739030827834,0.19375983818140846,0.8463639354740573,0.9998743149771957,FALSE,ANCOM-BC,Metabolism_Xenobiotics Biodegradation And Metabolism_Dioxin Degradation,Metabolism,Xenobiotics Biodegradation And Metabolism,Dioxin Degradation
KO_74,CSTIII,-0.11681967210183113,1.0493223191977683,-0.11132868325067413,0.9113557108337467,0.9975872481876159,FALSE,ANCOM-BC,Metabolism_Xenobiotics Biodegradation And Metabolism_Dioxin Degradation,Metabolism,Xenobiotics Biodegradation And Metabolism,Dioxin Degradation
KO_74,CSTIV,-0.3276450166758618,1.05463874243342,-0.3106703779152568,0.7560512186600487,0.9994137212654459,FALSE,ANCOM-BC,Metabolism_Xenobiotics Biodegradation And Metabolism_Dioxin Degradation,Metabolism,Xenobiotics Biodegradation And Metabolism,Dioxin Degradation
KO_75,(Intercept),-0.10289570632990075,1.020500214614468,-0.10082869641411438,0.9196864464753801,0.9998743149771957,FALSE,ANCOM-BC,Metabolism_Xenobiotics Biodegradation And Metabolism_Drug Metabolism - Other Enzymes,Metabolism,Xenobiotics Biodegradation And Metabolism,Drug Metabolism - Other Enzymes
KO_75,CSTIII,0.14247807964241543,1.0439630546932057,0.13647808607967082,0.8914433472210495,0.9975872481876159,FALSE,ANCOM-BC,Metabolism_Xenobiotics Biodegradation And Metabolism_Drug Metabolism - Other Enzymes,Metabolism,Xenobiotics Biodegradation And Metabolism,Drug Metabolism - Other Enzymes
KO_75,CSTIV,0.04325828251709204,1.0492523250533137,0.04122772138236056,0.9671143539882295,0.9994137212654459,FALSE,ANCOM-BC,Metabolism_Xenobiotics Biodegradation And Metabolism_Drug Metabolism - Other Enzymes,Metabolism,Xenobiotics Biodegradation And Metabolism,Drug Metabolism - Other Enzymes
KO_76,(Intercept),0.02365201509561754,1.0254587903555963,0.02306481286041322,0.9815985734842969,0.9998743149771957,FALSE,ANCOM-BC,Metabolism_Xenobiotics Biodegradation And Metabolism_Ethylbenzene Degradation,Metabolism,Xenobiotics Biodegradation And Metabolism,Ethylbenzene Degradation
KO_76,CSTIII,-0.02576276352987619,1.0490356355741333,-0.02455852085117807,0.980407104877392,0.9975872481876159,FALSE,ANCOM-BC,Metabolism_Xenobiotics Biodegradation And Metabolism_Ethylbenzene Degradation,Metabolism,Xenobiotics Biodegradation And Metabolism,Ethylbenzene Degradation
KO_76,CSTIV,-0.03929775912954964,1.0543506063185435,-0.03727200315914352,0.97026812821883,0.9994137212654459,FALSE,ANCOM-BC,Metabolism_Xenobiotics Biodegradation And Metabolism_Ethylbenzene Degradation,Metabolism,Xenobiotics Biodegradation And Metabolism,Ethylbenzene Degradation
KO_78,(Intercept),3.4176116830903656,1.5640566833258895,2.1850945170497162,0.028881917191417382,0.5895451054182447,FALSE,ANCOM-BC,Metabolism_Xenobiotics Biodegradation And Metabolism_Polycyclic Aromatic Hydrocarbon Degradation,Metabolism,Xenobiotics Biodegradation And Metabolism,Polycyclic Aromatic Hydrocarbon Degradation
KO_78,CSTIII,-4.081071623330134,1.6000167069588291,-2.5506431311502213,0.010752436282625878,0.4569785420115998,FALSE,ANCOM-BC,Metabolism_Xenobiotics Biodegradation And Metabolism_Polycyclic Aromatic Hydrocarbon Degradation,Metabolism,Xenobiotics Biodegradation And Metabolism,Polycyclic Aromatic Hydrocarbon Degradation
KO_78,CSTIV,-2.8146832582200885,1.6081232399493879,-1.750290766464313,0.08006815338935837,0.5235225413919585,FALSE,ANCOM-BC,Metabolism_Xenobiotics Biodegradation And Metabolism_Polycyclic Aromatic Hydrocarbon Degradation,Metabolism,Xenobiotics Biodegradation And Metabolism,Polycyclic Aromatic Hydrocarbon Degradation
KO_79,(Intercept),0.09973497107571526,1.0211896247596515,0.09766547628134101,0.9221979303927003,0.9998743149771957,FALSE,ANCOM-BC,Metabolism_Xenobiotics Biodegradation And Metabolism_Toluene Degradation,Metabolism,Xenobiotics Biodegradation And Metabolism,Toluene Degradation
KO_79,CSTIII,-0.007897939866166626,1.0446683154180887,-0.007560236823116222,0.9939678612262182,0.9975872481876159,FALSE,ANCOM-BC,Metabolism_Xenobiotics Biodegradation And Metabolism_Toluene Degradation,Metabolism,Xenobiotics Biodegradation And Metabolism,Toluene Degradation
KO_79,CSTIV,-0.23514987044232516,1.049961159002969,-0.22396054218388495,0.8227880061372581,0.9994137212654459,FALSE,ANCOM-BC,Metabolism_Xenobiotics Biodegradation And Metabolism_Toluene Degradation,Metabolism,Xenobiotics Biodegradation And Metabolism,Toluene Degradation
KO_80,(Intercept),0.09245629583868631,2.638903932797821,0.03503587026779797,0.9720511380841629,0.9998743149771957,FALSE,ANCOM-BC,Organismal Systems_Development And Regeneration_Axon Guidance,Organismal Systems,Development And Regeneration,Axon Guidance
KO_80,CSTIII,0.0255062479248842,2.6995763168617266,0.009448241105676674,0.9924615064544945,0.9975872481876159,FALSE,ANCOM-BC,Organismal Systems_Development And Regeneration_Axon Guidance,Organismal Systems,Development And Regeneration,Axon Guidance
KO_80,CSTIV,-0.2595523291867002,2.7132538018392225,-0.09566091053139168,0.9237898873477096,0.9994137212654459,FALSE,ANCOM-BC,Organismal Systems_Development And Regeneration_Axon Guidance,Organismal Systems,Development And Regeneration,Axon Guidance
KO_81,(Intercept),-0.38235357005927134,1.0320799098662428,-0.3704689592386545,0.7110331007723396,0.9998743149771957,FALSE,ANCOM-BC,Organismal Systems_Digestive System_Carbohydrate Digestion And Absorption,Organismal Systems,Digestive System,Carbohydrate Digestion And Absorption
KO_81,CSTIII,0.4721772650047043,1.0558089846149608,0.4472184570174888,0.6547173362215857,0.9975872481876159,FALSE,ANCOM-BC,Organismal Systems_Digestive System_Carbohydrate Digestion And Absorption,Organismal Systems,Digestive System,Carbohydrate Digestion And Absorption
KO_81,CSTIV,0.2769601147391413,1.0611582727369442,0.2609979320283717,0.7940941020050913,0.9994137212654459,FALSE,ANCOM-BC,Organismal Systems_Digestive System_Carbohydrate Digestion And Absorption,Organismal Systems,Digestive System,Carbohydrate Digestion And Absorption
KO_82,(Intercept),-3.3462961959259596,1.6607025274359473,-2.014988320089147,0.0439058728967181,0.5895451054182447,FALSE,ANCOM-BC,Organismal Systems_Digestive System_Mineral Absorption,Organismal Systems,Digestive System,Mineral Absorption
KO_82,CSTIII,2.7013910845460094,1.6988845848834366,1.5900968839100724,0.11181296827251377,0.7920085252636392,FALSE,ANCOM-BC,Organismal Systems_Digestive System_Mineral Absorption,Organismal Systems,Digestive System,Mineral Absorption
KO_82,CSTIV,4.312937709855109,1.707492034964809,2.5258903828175088,0.011540548375350386,0.3269822039682609,FALSE,ANCOM-BC,Organismal Systems_Digestive System_Mineral Absorption,Organismal Systems,Digestive System,Mineral Absorption
KO_83,(Intercept),-2.0612854114537824,1.6688912207349589,-1.2351226885512754,0.21678484656932903,0.9998743149771957,FALSE,ANCOM-BC,"Organismal Systems_Endocrine System_Parathyroid Hormone Synthesis, Secretion And Action",Organismal Systems,Endocrine System,"Parathyroid Hormone Synthesis, Secretion And Action"
KO_83,CSTIII,1.2785556662311217,1.707261548599815,0.7488926739313668,0.45392189628626695,0.9975872481876159,FALSE,ANCOM-BC,"Organismal Systems_Endocrine System_Parathyroid Hormone Synthesis, Secretion And Action",Organismal Systems,Endocrine System,"Parathyroid Hormone Synthesis, Secretion And Action"
KO_83,CSTIV,3.1238251449912795,1.7159114408209675,1.8205048761121985,0.06868215436845931,0.48649859344325347,FALSE,ANCOM-BC,"Organismal Systems_Endocrine System_Parathyroid Hormone Synthesis, Secretion And Action",Organismal Systems,Endocrine System,"Parathyroid Hormone Synthesis, Secretion And Action"
KO_84,(Intercept),-2.2712819873502235,1.582957463685828,-1.4348345040565211,0.15133426304489525,0.918815168486864,FALSE,ANCOM-BC,Organismal Systems_Environmental Adaptation_Circadian Rhythm - Plant,Organismal Systems,Environmental Adaptation,Circadian Rhythm - Plant
KO_84,CSTIII,1.272274002450901,1.6193520447844083,0.7856685682082704,0.43206168215886054,0.9975872481876159,FALSE,ANCOM-BC,Organismal Systems_Environmental Adaptation_Circadian Rhythm - Plant,Organismal Systems,Environmental Adaptation,Circadian Rhythm - Plant
KO_84,CSTIV,3.6115347911131312,1.6275565408482806,2.2189919062540238,0.026487275175386456,0.35444169875506526,FALSE,ANCOM-BC,Organismal Systems_Environmental Adaptation_Circadian Rhythm - Plant,Organismal Systems,Environmental Adaptation,Circadian Rhythm - Plant
KO_85,(Intercept),-0.926921490714783,1.3178592971834915,-0.7033539109188556,0.48183522140949814,0.9998743149771957,FALSE,ANCOM-BC,Unclassified_Cellular Processes And Signaling_Signal Transduction Mechanisms,Unclassified,Cellular Processes And Signaling,Signal Transduction Mechanisms
KO_85,CSTIII,1.2392478538205143,1.348158871346516,0.9192149976973979,0.35798312804962207,0.9975872481876159,FALSE,ANCOM-BC,Unclassified_Cellular Processes And Signaling_Signal Transduction Mechanisms,Unclassified,Cellular Processes And Signaling,Signal Transduction Mechanisms
KO_85,CSTIV,0.5792857814066003,1.354989359003022,0.4275205392261005,0.6690002283782452,0.9994137212654459,FALSE,ANCOM-BC,Unclassified_Cellular Processes And Signaling_Signal Transduction Mechanisms,Unclassified,Cellular Processes And Signaling,Signal Transduction Mechanisms
KO_86,(Intercept),-4.11449111382369,2.5800686917558133,-1.5947215386051046,0.1107745193538247,0.724294934236546,FALSE,ANCOM-BC,Unclassified_Genetic Information Processing_Transcription Related Proteins,Unclassified,Genetic Information Processing,Transcription Related Proteins
KO_86,CSTIII,3.1843936547911693,2.6393883648336813,1.2064892371349947,0.22762890654494702,0.9975872481876159,FALSE,ANCOM-BC,Unclassified_Genetic Information Processing_Transcription Related Proteins,Unclassified,Genetic Information Processing,Transcription Related Proteins
KO_86,CSTIV,5.475408650177295,2.6527609057336385,2.0640415192876325,0.039013779952190054,0.35444169875506526,FALSE,ANCOM-BC,Unclassified_Genetic Information Processing_Transcription Related Proteins,Unclassified,Genetic Information Processing,Transcription Related Proteins
KO_87,(Intercept),0.16519671937381517,1.0441909859606173,0.15820546393803644,0.8742948983783165,0.9998743149771957,FALSE,ANCOM-BC,Unclassified_Genetic Information Processing_Translation Proteins,Unclassified,Genetic Information Processing,Translation Proteins
KO_87,CSTIII,0.11115900369562684,1.0681985126268503,0.1040621217701111,0.9171200500587333,0.9975872481876159,FALSE,ANCOM-BC,Unclassified_Genetic Information Processing_Translation Proteins,Unclassified,Genetic Information Processing,Translation Proteins
KO_87,CSTIV,-0.5310466829281951,1.0736105726668574,-0.4946362269971605,0.6208569252965903,0.9994137212654459,FALSE,ANCOM-BC,Unclassified_Genetic Information Processing_Translation Proteins,Unclassified,Genetic Information Processing,Translation Proteins
KO_88,(Intercept),0.3442037811185092,1.0297712991538142,0.33425264561301044,0.7381889206929231,0.9998743149771957,FALSE,ANCOM-BC,Unclassified_Metabolism_Energy Metabolism,Unclassified,Metabolism,Energy Metabolism
KO_88,CSTIII,-0.24388437084557846,1.053447295458085,-0.23151074752109632,0.8169180368996377,0.9975872481876159,FALSE,ANCOM-BC,Unclassified_Metabolism_Energy Metabolism,Unclassified,Metabolism,Energy Metabolism
KO_88,CSTIV,-0.5040095353368692,1.0587846180105964,-0.4760264994063458,0.6340554991583413,0.9994137212654459,FALSE,ANCOM-BC,Unclassified_Metabolism_Energy Metabolism,Unclassified,Metabolism,Energy Metabolism
KO_89,(Intercept),0.08850935349426324,1.0505123181958145,0.08425351322512069,0.9328548719961648,0.9998743149771957,FALSE,ANCOM-BC,Unclassified_Metabolism_Unclassified,Unclassified,Metabolism,Unclassified
KO_89,CSTIII,-0.2495432910242575,1.0746651818303252,-0.23220561644999582,0.8163783156746087,0.9975872481876159,FALSE,ANCOM-BC,Unclassified_Metabolism_Unclassified,Unclassified,Metabolism,Unclassified
KO_89,CSTIV,0.087387258309491,1.0801100054452433,0.08090588724198347,0.9355167979750855,0.9994137212654459,FALSE,ANCOM-BC,Unclassified_Metabolism_Unclassified,Unclassified,Metabolism,Unclassified
KO_90,(Intercept),0.31979833495785087,1.0262398560828838,0.31162143339326953,0.7553282433130608,0.9998743149771957,FALSE,ANCOM-BC,Unclassified_Unclassified_Unclassified,Unclassified,Unclassified,Unclassified
KO_90,CSTIII,-0.5104605664569125,1.04983465918128,-0.48622948575064034,0.6268044679269675,0.9975872481876159,FALSE,ANCOM-BC,Unclassified_Unclassified_Unclassified,Unclassified,Unclassified,Unclassified
KO_90,CSTIV,-0.120717760932874,1.0551536782029385,-0.11440775256403575,0.9089145686926722,0.9994137212654459,FALSE,ANCOM-BC,Unclassified_Unclassified_Unclassified,Unclassified,Unclassified,Unclassified
